N,phi,K,D,E_per_N_LJ,f_rms,fmax,steps,time_s,status,lammps_bitzek,lammps_default
1000000,0.82,1,0,3.3217984225e-13,1.514957e-08,0.000000e+00,600,66.2,converged,,
1000000,0.82,1,1,3.3217984225e-13,1.514957e-08,0.000000e+00,600,48.7,converged,,
1000000,0.82,1,2,0.0000000000e+00,0.000000e+00,0.000000e+00,600,21.2,converged,,
1000000,0.82,1,3,9.1424942298e-16,1.853676e-09,0.000000e+00,600,37.0,converged,,
1000000,0.82,1,5,0.0000000000e+00,0.000000e+00,0.000000e+00,4600,320.0,converged,,
1000000,0.82,1,8,1.0368520100e+03,2.704853e+00,0.000000e+00,499999,37442.2,max_steps,,
1000000,0.82,2,0,6.3107261360e-12,3.117659e-08,0.000000e+00,800,117.3,converged,,
1000000,0.82,2,1,6.3107261360e-12,3.117659e-08,0.000000e+00,800,48.0,converged,,
1000000,0.82,2,2,3.4934982701e-14,7.636430e-09,0.000000e+00,600,91.1,converged,,
1000000,0.82,2,3,1.9431848638e-10,6.290465e-07,0.000000e+00,600,37.4,converged,,
1000000,0.82,2,5,3.2770423540e-16,1.520450e-09,0.000000e+00,1200,74.8,converged,,
1000000,0.82,2,8,3.0311917927e-10,9.867525e-07,0.000000e+00,72600,5140.0,converged,,
1000000,0.82,4,0,4.8999976150e-03,8.737129e-07,0.000000e+00,1000,59.9,converged,,
1000000,0.82,4,1,4.8999976150e-03,8.737129e-07,0.000000e+00,1000,59.8,converged,,
1000000,0.82,4,2,4.9002165495e-03,1.531011e-05,0.000000e+00,30000,2249.9,stagnated,,
1000000,0.82,4,3,2.2758065571e-06,3.833752e-05,0.000000e+00,30000,1748.8,stagnated,,
1000000,0.82,4,5,2.4178651739e-06,7.323752e-05,0.000000e+00,30000,1762.5,stagnated,,
1000000,0.82,4,8,1.3012316178e-05,2.848159e-04,0.000000e+00,30000,1754.4,stagnated,,
1000000,0.82,8,0,4.9076336369e-03,3.576805e-05,0.000000e+00,30000,1882.2,stagnated,,
1000000,0.82,8,1,4.9076336369e-03,3.576805e-05,0.000000e+00,30000,2323.3,stagnated,,
1000000,0.82,8,2,1.4183806638e-04,1.698782e-04,0.000000e+00,30000,2119.1,stagnated,,
1000000,0.82,8,3,4.9081595186e-03,1.652980e-04,0.000000e+00,30000,1776.5,stagnated,,
1000000,0.82,8,5,9.6233006291e-06,1.951459e-04,0.000000e+00,30000,2728.7,stagnated,,
1000000,0.82,8,8,1.2631134911e-06,7.925410e-05,0.000000e+00,60000,3980.1,stagnated,,
1000000,0.82,16,0,4.9006323251e-03,1.622800e-05,0.000000e+00,30000,1779.3,stagnated,,
1000000,0.82,16,1,4.9006323251e-03,1.622800e-05,0.000000e+00,30000,1813.5,stagnated,,
1000000,0.82,16,2,8.7934890988e-05,2.600925e-04,0.000000e+00,30000,1768.2,stagnated,,
1000000,0.82,16,3,6.6821555742e-05,3.885565e-04,0.000000e+00,40000,2375.0,stagnated,,
1000000,0.82,16,5,1.1202631821e-05,2.285682e-04,0.000000e+00,30000,1768.7,stagnated,,
1000000,0.82,16,8,3.3817208481e-06,1.232302e-04,0.000000e+00,170000,10054.2,stagnated,,
1000000,0.82,32,0,4.9020561966e-03,4.784978e-05,0.000000e+00,30000,1814.2,stagnated,,
1000000,0.82,32,1,4.9020561966e-03,4.784978e-05,0.000000e+00,30000,2056.1,stagnated,,
1000000,0.82,32,2,4.9345255594e-03,2.439958e-04,0.000000e+00,30000,2222.2,stagnated,,
1000000,0.82,32,3,4.8113787469e-05,3.037583e-04,0.000000e+00,30000,1873.9,stagnated,,
1000000,0.82,32,5,1.1250368166e-05,2.120189e-04,0.000000e+00,30000,2455.5,stagnated,,
1000000,0.82,32,8,1.4509833016e-06,8.123236e-05,0.000000e+00,230000,18636.1,stagnated,,
1000000,0.84,1,0,2.2001091888e-10,1.477793e-07,0.000000e+00,3000,171.3,converged,,
1000000,0.84,1,1,2.2001091888e-10,1.477793e-07,0.000000e+00,3000,247.2,converged,,
1000000,0.84,1,2,1.0667628289e+03,2.780663e+00,0.000000e+00,10000,666.7,diverged,,
1000000,0.84,1,3,1.0632299613e+03,2.772283e+00,0.000000e+00,10000,535.7,diverged,,
1000000,0.84,1,5,1.0622957457e+03,2.768980e+00,0.000000e+00,10000,736.7,diverged,,
1000000,0.84,1,8,1.0629479441e+03,2.772036e+00,0.000000e+00,10000,905.5,diverged,,
1000000,0.84,2,0,1.4547562020e-08,6.118989e-07,0.000000e+00,5000,324.0,converged,,
1000000,0.84,2,1,1.4547562020e-08,6.118989e-07,0.000000e+00,5000,319.1,converged,,
1000000,0.84,2,2,1.2713802114e-09,1.263114e-07,0.000000e+00,3600,225.8,converged,,
1000000,0.84,2,3,1.0653149752e+03,2.776658e+00,0.000000e+00,10000,588.9,diverged,,
1000000,0.84,2,5,1.0608621501e+03,2.766482e+00,0.000000e+00,10000,680.2,diverged,,
1000000,0.84,2,8,1.0614439455e+03,2.769380e+00,0.000000e+00,10000,449.4,diverged,,
1000000,0.84,4,0,4.9000231874e-03,5.556781e-07,0.000000e+00,10600,690.2,converged,,
1000000,0.84,4,1,4.9000231874e-03,5.556781e-07,0.000000e+00,10600,681.9,converged,,
1000000,0.84,4,2,4.9001016588e-03,8.311553e-07,0.000000e+00,5600,363.0,converged,,
1000000,0.84,4,3,1.5724901783e-09,4.978200e-07,0.000000e+00,4200,390.7,converged,,
1000000,0.84,4,5,1.0642111714e+03,2.772127e+00,0.000000e+00,10000,746.4,diverged,,
1000000,0.84,4,8,1.0621302655e+03,2.768570e+00,0.000000e+00,10000,660.6,diverged,,
1000000,0.84,8,0,4.9000852888e-03,8.675830e-07,0.000000e+00,13400,911.5,converged,,
1000000,0.84,8,1,4.9000852888e-03,8.675830e-07,0.000000e+00,13400,879.0,converged,,
1000000,0.84,8,2,5.0882980441e-08,7.711849e-07,0.000000e+00,10000,695.3,converged,,
1000000,0.84,8,3,5.1976245251e-09,9.872024e-07,0.000000e+00,6400,525.1,converged,,
1000000,0.84,8,5,6.1021499279e-08,1.077715e-05,0.000000e+00,40000,2413.6,stagnated,,
1000000,0.84,8,8,1.0625802390e+03,2.770297e+00,0.000000e+00,10000,465.6,diverged,,
1000000,0.84,16,0,4.9003018372e-03,7.628150e-07,0.000000e+00,17000,1630.4,converged,,
1000000,0.84,16,1,4.9003018372e-03,7.628150e-07,0.000000e+00,17000,1429.2,converged,,
1000000,0.84,16,2,4.9002554794e-03,6.245516e-07,0.000000e+00,13200,1252.8,converged,,
1000000,0.84,16,3,4.9005385809e-03,3.319567e-05,0.000000e+00,50000,3258.9,stagnated,,
1000000,0.84,16,5,1.2338920533e-06,4.625724e-05,0.000000e+00,50000,3087.8,stagnated,,
1000000,0.84,16,8,1.0773258037e+03,2.789565e+00,0.000000e+00,10000,652.9,diverged,,
1000000,0.84,32,0,4.9019935883e-03,8.843219e-07,0.000000e+00,21800,1425.3,converged,,
1000000,0.84,32,1,4.9019935883e-03,8.843219e-07,0.000000e+00,21800,1851.0,converged,,
1000000,0.84,32,2,4.9021041071e-03,9.628835e-07,0.000000e+00,18800,1336.4,converged,,
1000000,0.84,32,3,4.9043086726e-03,4.845973e-05,0.000000e+00,70000,4186.6,stagnated,,
1000000,0.84,32,5,2.0120262814e-06,7.321145e-05,0.000000e+00,60000,2546.2,stagnated,,
1000000,0.84,32,8,1.0617214933e+03,2.769819e+00,0.000000e+00,10000,824.7,diverged,,
1000000,0.86,1,0,4.5496261531e-01,9.171114e-07,0.000000e+00,8600,683.0,converged,,
1000000,0.86,1,1,4.5496261531e-01,9.171114e-07,0.000000e+00,8600,1113.2,converged,,
1000000,0.86,1,2,1.0863080725e+03,2.833626e+00,0.000000e+00,4000,274.5,diverged,,
1000000,0.86,1,3,1.0861161958e+03,2.833461e+00,0.000000e+00,4000,268.7,diverged,,
1000000,0.86,1,5,1.0886409626e+03,2.838165e+00,0.000000e+00,4000,301.1,diverged,,
1000000,0.86,1,8,1.0876919536e+03,2.836286e+00,0.000000e+00,4000,263.2,diverged,,
1000000,0.86,2,0,4.7487585438e-01,5.936561e-07,0.000000e+00,27800,1919.2,converged,,
1000000,0.86,2,1,4.7487585438e-01,5.936561e-07,0.000000e+00,27800,1867.7,converged,,
1000000,0.86,2,2,4.5804139610e-01,9.570837e-07,0.000000e+00,13200,978.3,converged,,
1000000,0.86,2,3,1.0884491442e+03,2.837247e+00,0.000000e+00,4000,261.0,diverged,,
1000000,0.86,2,5,1.0848152061e+03,2.830592e+00,0.000000e+00,4000,343.0,diverged,,
1000000,0.86,2,8,1.0896608189e+03,2.838497e+00,0.000000e+00,4000,259.5,diverged,,
1000000,0.86,4,0,4.8964794722e-01,9.449812e-07,0.000000e+00,21600,2229.5,converged,,
1000000,0.86,4,1,4.8964794722e-01,9.449812e-07,0.000000e+00,21600,1789.6,converged,,
1000000,0.86,4,2,4.7823551137e-01,7.810453e-07,0.000000e+00,18200,1199.0,converged,,
1000000,0.86,4,3,4.5472060958e-01,4.351508e-07,0.000000e+00,13800,922.0,converged,,
1000000,0.86,4,5,1.0871008775e+03,2.835015e+00,0.000000e+00,4000,397.9,diverged,,
1000000,0.86,4,8,1.0905001100e+03,2.839081e+00,0.000000e+00,4000,152.6,diverged,,
1000000,0.86,8,0,4.9363540080e-01,8.127237e-07,0.000000e+00,22200,2070.8,converged,,
1000000,0.86,8,1,4.9363540080e-01,8.127237e-07,0.000000e+00,22200,2345.7,converged,,
1000000,0.86,8,2,4.8378747361e-01,5.212373e-07,0.000000e+00,19400,1507.3,converged,,
1000000,0.86,8,3,4.6817535757e-01,7.499902e-07,0.000000e+00,16000,1201.6,converged,,
1000000,0.86,8,5,1.0858001461e+03,2.829953e+00,0.000000e+00,4000,400.1,diverged,,
1000000,0.86,8,8,1.0868515398e+03,2.835242e+00,0.000000e+00,4000,346.6,diverged,,
1000000,0.86,16,0,4.9431544950e-01,6.696633e-07,0.000000e+00,26600,1773.9,converged,,
1000000,0.86,16,1,4.9431544950e-01,6.696633e-07,0.000000e+00,26600,1914.4,converged,,
1000000,0.86,16,2,4.8913270213e-01,6.935695e-07,0.000000e+00,25000,1652.3,converged,,
1000000,0.86,16,3,4.8398166609e-01,5.635934e-07,0.000000e+00,19200,1448.4,converged,,
1000000,0.86,16,8,1.0883606317e+03,2.840955e+00,0.000000e+00,4000,343.8,diverged,,
1000000,0.86,32,0,4.9986937243e-01,8.333721e-07,0.000000e+00,24200,1593.9,converged,,
1000000,0.86,32,1,4.9986937243e-01,8.333721e-07,0.000000e+00,24200,2133.1,converged,,
1000000,0.86,32,2,4.9720726228e-01,8.673621e-07,0.000000e+00,28000,1254.5,converged,,
1000000,0.86,32,3,4.9071064834e-01,6.822574e-07,0.000000e+00,21200,1703.6,converged,,
1000000,0.86,32,5,4.6745877077e-01,1.542229e-03,0.000000e+00,499999,33117.3,max_steps,,
1000000,0.86,32,8,5.0030739815e+02,1.704408e+00,0.000000e+00,4000,356.9,diverged,,
1000000,0.88,1,0,2.2978912073e+00,8.360411e-07,0.000000e+00,8600,639.4,converged,,
1000000,0.88,1,1,2.2978912073e+00,8.360411e-07,0.000000e+00,8600,607.8,converged,,
1000000,0.88,1,2,1.1130774812e+03,2.901586e+00,0.000000e+00,4000,404.4,diverged,,
1000000,0.88,1,3,1.1140877884e+03,2.903989e+00,0.000000e+00,4000,315.9,diverged,,
1000000,0.88,1,5,1.1138005874e+03,2.903052e+00,0.000000e+00,4000,274.3,diverged,,
1000000,0.88,1,8,1.1153863572e+03,2.906222e+00,0.000000e+00,4000,358.3,diverged,,
1000000,0.88,2,0,2.3302282019e+00,9.636109e-07,0.000000e+00,13200,916.9,converged,,
1000000,0.88,2,1,2.3302282019e+00,9.636109e-07,0.000000e+00,13200,1136.6,converged,,
1000000,0.88,2,2,2.3028269170e+00,9.959939e-07,0.000000e+00,8200,705.4,converged,,
1000000,0.88,2,3,1.1133117953e+03,2.904452e+00,0.000000e+00,4000,369.1,diverged,,
1000000,0.88,2,5,1.1137824797e+03,2.903873e+00,0.000000e+00,4000,270.8,diverged,,
1000000,0.88,2,8,1.1140545858e+03,2.903410e+00,0.000000e+00,4000,307.2,diverged,,
1000000,0.88,4,0,2.3606198655e+00,7.862668e-07,0.000000e+00,15000,1015.9,converged,,
1000000,0.88,4,1,2.3606198655e+00,7.862668e-07,0.000000e+00,15000,1013.8,converged,,
1000000,0.88,4,2,2.3464891540e+00,6.704085e-07,0.000000e+00,19000,1944.9,converged,,
1000000,0.88,4,3,2.2951306345e+00,3.460383e-07,0.000000e+00,10400,963.3,converged,,
1000000,0.88,4,5,1.1141217799e+03,2.905735e+00,0.000000e+00,4000,335.6,diverged,,
1000000,0.88,4,8,1.1125757239e+03,2.902536e+00,0.000000e+00,4000,282.1,diverged,,
1000000,0.88,8,0,2.3663663595e+00,9.858812e-07,0.000000e+00,16200,1143.2,converged,,
1000000,0.88,8,1,2.3663663595e+00,9.858812e-07,0.000000e+00,16200,1606.9,converged,,
1000000,0.88,8,2,2.3651387956e+00,8.300339e-07,0.000000e+00,12600,609.7,converged,,
1000000,0.88,8,3,2.3364152357e+00,6.455937e-07,0.000000e+00,13200,881.7,converged,,
1000000,0.88,8,8,1.1120263928e+03,2.900331e+00,0.000000e+00,4000,272.5,diverged,,
1000000,0.88,16,0,2.3716939557e+00,9.283875e-07,0.000000e+00,15000,1327.0,converged,,
1000000,0.88,16,1,2.3716939557e+00,9.283875e-07,0.000000e+00,15000,1105.3,converged,,
1000000,0.88,16,2,2.3699562665e+00,9.193511e-07,0.000000e+00,12200,1947.0,converged,,
1000000,0.88,16,3,2.3535522234e+00,4.639644e-07,0.000000e+00,12200,731.1,converged,,
1000000,0.88,16,5,2.1543157666e+00,2.601561e-03,0.000000e+00,499999,36726.5,max_steps,,
1000000,0.88,16,8,1.1123593020e+03,2.899317e+00,0.000000e+00,4000,381.2,diverged,,
1000000,0.88,32,0,2.3858454457e+00,8.440907e-07,0.000000e+00,18600,824.0,converged,,
1000000,0.88,32,1,2.3858454457e+00,8.440907e-07,0.000000e+00,18600,1270.7,converged,,
1000000,0.88,32,2,2.3789407250e+00,6.460249e-07,0.000000e+00,21000,1730.1,converged,,
1000000,0.88,32,3,2.3745437221e+00,9.916624e-07,0.000000e+00,19800,1365.7,converged,,
1000000,0.88,32,5,2.3476051678e+00,2.741197e-03,0.000000e+00,499999,27371.6,max_steps,,
1000000,0.88,32,8,1.6811760705e+02,8.750446e-01,0.000000e+00,4000,494.4,diverged,,
1000000,0.9,1,0,5.6905685727e+00,9.352357e-07,0.000000e+00,9800,682.1,converged,,
1000000,0.9,1,1,5.6905685727e+00,9.352357e-07,0.000000e+00,9800,887.5,converged,,
1000000,0.9,1,2,1.1381209403e+03,2.967327e+00,0.000000e+00,4000,397.0,diverged,,
1000000,0.9,1,3,1.1384150686e+03,2.968098e+00,0.000000e+00,4000,299.1,diverged,,
1000000,0.9,1,5,1.1377630022e+03,2.967232e+00,0.000000e+00,4000,285.6,diverged,,
1000000,0.9,1,8,1.1394881312e+03,2.969467e+00,0.000000e+00,4000,569.7,diverged,,
1000000,0.9,2,0,5.7308898760e+00,8.917782e-07,0.000000e+00,13400,905.6,converged,,
1000000,0.9,2,1,5.7308898760e+00,8.917782e-07,0.000000e+00,13400,596.6,converged,,
1000000,0.9,2,2,5.6657547215e+00,9.144203e-07,0.000000e+00,5800,436.9,converged,,
1000000,0.9,2,3,5.5074949339e+00,6.812072e-07,0.000000e+00,6000,432.0,converged,,
1000000,0.9,2,5,1.1398224121e+03,2.972595e+00,0.000000e+00,4000,343.0,diverged,,
1000000,0.9,2,8,1.1446909045e+03,2.982383e+00,0.000000e+00,4000,295.1,diverged,,
1000000,0.9,4,0,5.7609030691e+00,3.854868e-07,0.000000e+00,13600,719.7,converged,,
1000000,0.9,4,1,5.7609030691e+00,3.854868e-07,0.000000e+00,13600,1158.8,converged,,
1000000,0.9,4,2,5.7524954731e+00,9.979827e-07,0.000000e+00,12600,1223.4,converged,,
1000000,0.9,4,3,5.6839600722e+00,8.177168e-07,0.000000e+00,9200,629.6,converged,,
1000000,0.9,4,5,1.1373598153e+03,2.965775e+00,0.000000e+00,4000,363.0,diverged,,
1000000,0.9,4,8,1.1379709046e+03,2.968013e+00,0.000000e+00,4000,276.6,diverged,,
1000000,0.9,8,0,5.7884531082e+00,6.126776e-07,0.000000e+00,10800,804.0,converged,,
1000000,0.9,8,1,5.7884531082e+00,6.126776e-07,0.000000e+00,10800,1303.2,converged,,
1000000,0.9,8,2,5.7642628106e+00,8.574642e-07,0.000000e+00,14600,1059.2,converged,,
1000000,0.9,8,3,5.7260573317e+00,7.212745e-07,0.000000e+00,9400,770.8,converged,,
1000000,0.9,8,5,5.4172779394e+00,3.559826e-03,0.000000e+00,499999,35792.2,max_steps,,
1000000,0.9,8,8,1.1390052515e+03,2.968684e+00,0.000000e+00,4000,369.2,diverged,,
1000000,0.9,16,0,5.7885454782e+00,8.560603e-07,0.000000e+00,11400,1145.2,converged,,
1000000,0.9,16,1,5.7885454782e+00,8.560603e-07,0.000000e+00,11400,1019.6,converged,,
1000000,0.9,16,2,5.7732993927e+00,9.688823e-07,0.000000e+00,10600,469.0,converged,,
1000000,0.9,16,3,5.7708379793e+00,8.364977e-07,0.000000e+00,7600,532.0,converged,,
1000000,0.9,16,8,1.8509607305e+02,9.195001e-01,0.000000e+00,4000,273.4,diverged,,
1000000,0.9,32,0,5.8133826286e+00,7.294211e-07,0.000000e+00,15600,1719.6,converged,,
1000000,0.9,32,1,5.8133826286e+00,7.294211e-07,0.000000e+00,15600,1054.6,converged,,
1000000,0.9,32,2,5.7894060387e+00,9.527751e-07,0.000000e+00,13600,714.5,converged,,
1000000,0.9,32,3,5.7832577511e+00,9.669984e-07,0.000000e+00,12400,1147.7,converged,,
1000000,0.9,32,5,5.7582247800e+00,3.515149e-03,0.000000e+00,499999,37275.4,max_steps,,
1000000,0.9,32,8,1.1402251979e+03,2.970107e+00,0.000000e+00,10000,977.4,diverged,,
